{
  "model_name": "Decision Tree HPO",
  "accuracy": 0.819077,
  "precision_yes": 0.783362,
  "recall_yes": 0.854442,
  "f1_yes": 0.81736,
  "roc_auc": 0.884804,
  "confusion_matrix": [
    [
      925,
      250
    ],
    [
      154,
      904
    ]
  ],
  "classification_report": {
    "no": {
      "precision": 0.8572752548656163,
      "recall": 0.7872340425531915,
      "f1-score": 0.8207630878438332,
      "support": 1175.0
    },
    "yes": {
      "precision": 0.7833622183708839,
      "recall": 0.8544423440453687,
      "f1-score": 0.8173598553345389,
      "support": 1058.0
    },
    "accuracy": 0.8190774742498881,
    "macro avg": {
      "precision": 0.82031873661825,
      "recall": 0.8208381932992801,
      "f1-score": 0.8190614715891861,
      "support": 2233.0
    },
    "weighted avg": {
      "precision": 0.8222551059128949,
      "recall": 0.8190774742498881,
      "f1-score": 0.8191506292702402,
      "support": 2233.0
    }
  },
  "method": "hpo",
  "best_params": {
    "model__class_weight": "balanced",
    "model__criterion": "gini",
    "model__max_depth": 10,
    "model__min_samples_leaf": 5,
    "model__min_samples_split": 20
  },
  "best_cv_score": 0.814984
}