{
  "model_name": "KNN HPO",
  "accuracy": 0.829825,
  "precision_yes": 0.82659,
  "recall_yes": 0.810964,
  "f1_yes": 0.818702,
  "roc_auc": 0.899196,
  "confusion_matrix": [
    [
      995,
      180
    ],
    [
      200,
      858
    ]
  ],
  "classification_report": {
    "no": {
      "precision": 0.8326359832635983,
      "recall": 0.8468085106382979,
      "f1-score": 0.8396624472573839,
      "support": 1175.0
    },
    "yes": {
      "precision": 0.8265895953757225,
      "recall": 0.8109640831758034,
      "f1-score": 0.8187022900763359,
      "support": 1058.0
    },
    "accuracy": 0.8298253470667264,
    "macro avg": {
      "precision": 0.8296127893196604,
      "recall": 0.8288862969070506,
      "f1-score": 0.8291823686668599,
      "support": 2233.0
    },
    "weighted avg": {
      "precision": 0.8297711922267095,
      "recall": 0.8298253470667264,
      "f1-score": 0.8297314816068918,
      "support": 2233.0
    }
  },
  "method": "hpo",
  "notebook_style": "KNN notebook",
  "best_params": {
    "model__metric": "euclidean",
    "model__n_neighbors": 17,
    "model__weights": "distance"
  },
  "best_cv_score": 0.823048
}