{
  "model_name": "Neural Network HPO",
  "accuracy": 0.847417,
  "precision_yes": 0.825666,
  "recall_yes": 0.859483,
  "f1_yes": 0.842235,
  "roc_auc": 0.916786,
  "confusion_matrix": [
    [
      1474,
      288
    ],
    [
      223,
      1364
    ]
  ],
  "classification_report": {
    "no": {
      "precision": 0.8685916322922805,
      "recall": 0.8365493757094211,
      "f1-score": 0.8522694420352703,
      "support": 1762.0
    },
    "yes": {
      "precision": 0.8256658595641646,
      "recall": 0.8594833018273472,
      "f1-score": 0.8422352577956159,
      "support": 1587.0
    },
    "accuracy": 0.8474171394446103,
    "macro avg": {
      "precision": 0.8471287459282226,
      "recall": 0.8480163387683841,
      "f1-score": 0.8472523499154432,
      "support": 3349.0
    },
    "weighted avg": {
      "precision": 0.8482502762697305,
      "recall": 0.8474171394446103,
      "f1-score": 0.8475145150754818,
      "support": 3349.0
    }
  },
  "method": "hpo",
  "notebook_style": "NN notebook",
  "best_params": {
    "model__activation": "tanh",
    "model__hidden_layer_sizes": [
      100
    ],
    "model__max_iter": 200,
    "model__solver": "adam"
  },
  "best_cv_score": 0.846409
}