{
  "model_name": "Neural Network HPO",
  "accuracy": 0.84953,
  "precision_yes": 0.821747,
  "recall_yes": 0.871456,
  "f1_yes": 0.845872,
  "roc_auc": 0.918478,
  "confusion_matrix": [
    [
      975,
      200
    ],
    [
      136,
      922
    ]
  ],
  "classification_report": {
    "no": {
      "precision": 0.8775877587758776,
      "recall": 0.8297872340425532,
      "f1-score": 0.8530183727034121,
      "support": 1175.0
    },
    "yes": {
      "precision": 0.82174688057041,
      "recall": 0.8714555765595463,
      "f1-score": 0.8458715596330275,
      "support": 1058.0
    },
    "accuracy": 0.8495297805642633,
    "macro avg": {
      "precision": 0.8496673196731438,
      "recall": 0.8506214053010497,
      "f1-score": 0.8494449661682197,
      "support": 2233.0
    },
    "weighted avg": {
      "precision": 0.8511302356494178,
      "recall": 0.8495297805642633,
      "f1-score": 0.8496321979481649,
      "support": 2233.0
    }
  },
  "method": "hpo",
  "notebook_style": "NN notebook",
  "best_params": {
    "model__activation": "relu",
    "model__hidden_layer_sizes": [
      100,
      50,
      25
    ],
    "model__max_iter": 350,
    "model__solver": "sgd"
  },
  "best_cv_score": 0.84623
}