{
  "model_name": "KNN Non-HPO",
  "accuracy": 0.812481,
  "precision_yes": 0.807175,
  "recall_yes": 0.793951,
  "f1_yes": 0.800508,
  "roc_auc": 0.874774,
  "confusion_matrix": [
    [
      1461,
      301
    ],
    [
      327,
      1260
    ]
  ],
  "classification_report": {
    "no": {
      "precision": 0.8171140939597316,
      "recall": 0.8291713961407492,
      "f1-score": 0.8230985915492958,
      "support": 1762.0
    },
    "yes": {
      "precision": 0.8071748878923767,
      "recall": 0.7939508506616257,
      "f1-score": 0.8005082592121983,
      "support": 1587.0
    },
    "accuracy": 0.8124813377127501,
    "macro avg": {
      "precision": 0.8121444909260541,
      "recall": 0.8115611234011875,
      "f1-score": 0.811803425380747,
      "support": 3349.0
    },
    "weighted avg": {
      "precision": 0.8124041745721853,
      "recall": 0.8124813377127501,
      "f1-score": 0.8123936475603517,
      "support": 3349.0
    }
  },
  "method": "non_hpo",
  "notebook_style": "KNN notebook"
}