{
  "model_name": "KNN Non-HPO",
  "accuracy": 0.816838,
  "precision_yes": 0.807001,
  "recall_yes": 0.806238,
  "f1_yes": 0.806619,
  "roc_auc": 0.877107,
  "confusion_matrix": [
    [
      971,
      204
    ],
    [
      205,
      853
    ]
  ],
  "classification_report": {
    "no": {
      "precision": 0.8256802721088435,
      "recall": 0.8263829787234043,
      "f1-score": 0.8260314759676733,
      "support": 1175.0
    },
    "yes": {
      "precision": 0.8070009460737938,
      "recall": 0.8062381852551985,
      "f1-score": 0.8066193853427897,
      "support": 1058.0
    },
    "accuracy": 0.8168383340797134,
    "macro avg": {
      "precision": 0.8163406090913187,
      "recall": 0.8163105819893014,
      "f1-score": 0.8163254306552314,
      "support": 2233.0
    },
    "weighted avg": {
      "precision": 0.8168299689538581,
      "recall": 0.8168383340797134,
      "f1-score": 0.8168339874405228,
      "support": 2233.0
    }
  },
  "method": "non_hpo",
  "notebook_style": "KNN notebook"
}