{
  "model_name": "SVM Non-HPO",
  "accuracy": 0.823108,
  "precision_yes": 0.79838,
  "recall_yes": 0.838374,
  "f1_yes": 0.817888,
  "roc_auc": 0.886512,
  "confusion_matrix": [
    [
      951,
      224
    ],
    [
      171,
      887
    ]
  ],
  "classification_report": {
    "no": {
      "precision": 0.8475935828877005,
      "recall": 0.8093617021276596,
      "f1-score": 0.8280365694383979,
      "support": 1175.0
    },
    "yes": {
      "precision": 0.7983798379837984,
      "recall": 0.8383742911153119,
      "f1-score": 0.817888427846934,
      "support": 1058.0
    },
    "accuracy": 0.8231079265562025,
    "macro avg": {
      "precision": 0.8229867104357494,
      "recall": 0.8238679966214857,
      "f1-score": 0.822962498642666,
      "support": 2233.0
    },
    "weighted avg": {
      "precision": 0.8242760091714765,
      "recall": 0.8231079265562025,
      "f1-score": 0.8232283590470998,
      "support": 2233.0
    }
  },
  "method": "non_hpo",
  "notebook_style": "SVM notebook"
}