{
  "model_name": "SVM HPO",
  "accuracy": 0.82266,
  "precision_yes": 0.797127,
  "recall_yes": 0.839319,
  "f1_yes": 0.81768,
  "roc_auc": 0.884777,
  "confusion_matrix": [
    [
      949,
      226
    ],
    [
      170,
      888
    ]
  ],
  "classification_report": {
    "no": {
      "precision": 0.8480786416443253,
      "recall": 0.8076595744680851,
      "f1-score": 0.8273757628596339,
      "support": 1175.0
    },
    "yes": {
      "precision": 0.7971274685816876,
      "recall": 0.8393194706994329,
      "f1-score": 0.8176795580110497,
      "support": 1058.0
    },
    "accuracy": 0.8226600985221675,
    "macro avg": {
      "precision": 0.8226030551130065,
      "recall": 0.8234895225837591,
      "f1-score": 0.8225276604353418,
      "support": 2233.0
    },
    "weighted avg": {
      "precision": 0.8239378708873747,
      "recall": 0.8226600985221675,
      "f1-score": 0.8227816810281059,
      "support": 2233.0
    }
  },
  "method": "hpo",
  "notebook_style": "SVM notebook",
  "best_params": {
    "model__C": 1,
    "model__degree": 2,
    "model__gamma": 0.1,
    "model__kernel": "rbf"
  },
  "best_cv_score": 0.819128
}