{
  "model_name": "Neural Network Non-HPO",
  "accuracy": 0.846843,
  "precision_yes": 0.827839,
  "recall_yes": 0.854442,
  "f1_yes": 0.84093,
  "roc_auc": 0.910304,
  "confusion_matrix": [
    [
      987,
      188
    ],
    [
      154,
      904
    ]
  ],
  "classification_report": {
    "no": {
      "precision": 0.8650306748466258,
      "recall": 0.84,
      "f1-score": 0.8523316062176166,
      "support": 1175.0
    },
    "yes": {
      "precision": 0.8278388278388278,
      "recall": 0.8544423440453687,
      "f1-score": 0.8409302325581396,
      "support": 1058.0
    },
    "accuracy": 0.8468428123600538,
    "macro avg": {
      "precision": 0.8464347513427268,
      "recall": 0.8472211720226843,
      "f1-score": 0.846630919387878,
      "support": 2233.0
    },
    "weighted avg": {
      "precision": 0.8474091011187932,
      "recall": 0.8468428123600538,
      "f1-score": 0.8469296118908245,
      "support": 2233.0
    }
  },
  "method": "non_hpo",
  "notebook_style": "NN notebook"
}