{
  "model_name": "Decision Tree Non-HPO",
  "accuracy": 0.78549,
  "precision_yes": 0.781341,
  "recall_yes": 0.759924,
  "f1_yes": 0.770484,
  "roc_auc": 0.784218,
  "confusion_matrix": [
    [
      950,
      225
    ],
    [
      254,
      804
    ]
  ],
  "classification_report": {
    "no": {
      "precision": 0.7890365448504983,
      "recall": 0.8085106382978723,
      "f1-score": 0.7986548970155527,
      "support": 1175.0
    },
    "yes": {
      "precision": 0.7813411078717201,
      "recall": 0.7599243856332704,
      "f1-score": 0.7704839482510781,
      "support": 1058.0
    },
    "accuracy": 0.7854903716972682,
    "macro avg": {
      "precision": 0.7851888263611092,
      "recall": 0.7842175119655713,
      "f1-score": 0.7845694226333154,
      "support": 2233.0
    },
    "weighted avg": {
      "precision": 0.7853904309572841,
      "recall": 0.7854903716972682,
      "f1-score": 0.7853074434585379,
      "support": 2233.0
    }
  },
  "method": "non_hpo"
}